PV,Atq,Def,Ats,Defs,Vit,Index
45,49,49,65,65,45,1
60,62,63,80,80,60,2
80,82,83,100,100,80,3
80,100,123,122,120,80,4
80,82,83,100,100,80,5
39,52,43,60,50,65,6
58,64,58,80,65,80,7
78,84,78,109,85,100,8
78,84,78,109,85,100,9
78,130,111,130,85,100,10
78,104,78,159,115,100,11
44,48,65,50,64,43,12
59,63,80,65,80,58,13
79,83,100,85,105,78,14
79,103,120,135,115,78,15
79,83,100,85,105,78,16
45,30,35,20,20,45,17
50,20,55,25,25,30,18
60,45,50,90,80,70,19
60,45,50,90,80,70,20
40,35,30,20,20,50,21
45,25,50,25,25,35,22
65,90,40,45,80,75,23
65,150,40,15,80,145,24
40,45,40,35,35,56,25
63,60,55,50,50,71,26
83,80,75,70,70,101,27
83,80,80,135,80,121,28
30,56,35,25,35,72,29
30,56,35,25,35,72,30
55,81,60,50,70,97,31
75,71,70,40,80,77,32
40,60,30,31,31,70,33
65,90,65,61,61,100,34
35,60,44,40,54,55,35
60,95,69,65,79,80,36
35,55,40,50,50,90,37
35,55,40,50,50,90,38
60,90,55,90,80,110,39
60,85,50,95,85,110,40
50,75,85,20,30,40,41
50,75,90,10,35,40,42
75,100,110,45,55,65,43
75,100,120,25,65,65,44
55,47,52,40,40,41,45
70,62,67,55,55,56,46
90,92,87,75,85,76,47
46,57,40,40,40,50,48
61,72,57,55,55,65,49
81,102,77,85,75,85,50
70,45,48,60,65,35,51
95,70,73,95,90,60,52
38,41,40,50,65,65,53
38,41,40,50,65,65,54
73,76,75,81,100,100,55
73,67,75,81,100,109,56
115,45,20,45,25,20,57
140,70,45,85,50,45,58
40,45,35,30,40,55,59
75,80,70,65,75,90,60
45,50,55,75,65,30,61
60,65,70,85,75,40,62
75,80,85,110,90,50,63
35,70,55,45,55,25,64
60,95,80,60,80,30,65
60,55,50,40,55,45,66
70,65,60,90,75,90,67
10,55,25,35,45,95,68
10,55,30,35,45,90,69
35,100,50,50,70,120,70
35,100,60,50,70,110,71
40,45,35,40,40,90,72
40,35,35,50,40,90,73
50,65,55,40,40,40,74
40,45,35,40,40,90,75
65,70,60,65,65,115,76
65,60,60,75,65,115,77
50,52,48,65,50,55,78
80,82,78,95,80,85,79
40,80,35,35,45,70,80
65,105,60,60,70,95,81
55,70,45,70,50,60,82
60,75,45,65,50,55,83
90,110,80,100,80,95,84
95,115,80,95,80,90,85
40,50,40,40,40,90,86
65,65,65,50,50,90,87
90,95,95,70,90,70,88
25,20,15,105,55,90,89
40,35,30,120,70,105,90
55,50,45,135,95,120,91
55,50,65,175,105,150,92
70,80,50,35,35,35,93
80,100,70,50,60,45,94
90,130,80,65,85,55,95
90,130,80,65,85,55,96
50,75,35,70,30,40,97
65,90,50,85,45,55,98
80,105,65,100,70,70,99
40,40,35,50,100,70,100
80,70,65,80,120,100,101
40,80,100,30,30,20,102
40,80,100,30,30,20,103
55,95,115,45,45,35,104
55,95,115,45,45,35,105
80,120,130,55,65,45,106
80,120,130,55,65,45,107
50,85,55,65,65,90,108
50,85,55,65,65,90,109
65,100,70,80,80,105,110
65,100,70,80,80,105,111
90,65,65,40,40,15,112
90,65,65,40,40,15,113
95,75,110,100,80,30,114
95,100,95,100,70,30,115
95,75,180,130,80,30,116
25,35,70,95,55,45,117
50,60,95,120,70,70,118
52,90,55,58,62,60,119
52,95,55,58,62,55,120
35,85,45,35,35,75,121
60,110,70,60,60,110,122
65,45,55,45,70,45,123
90,70,80,70,95,70,124
80,80,50,40,50,25,125
80,80,50,40,50,25,126
105,105,75,65,100,50,127
105,105,75,65,100,50,128
30,65,100,45,25,40,129
50,95,180,85,45,70,130
30,35,30,100,35,80,131
45,50,45,115,55,95,132
60,65,60,130,75,110,133
60,65,80,170,95,130,134
60,65,60,130,75,110,135
35,45,160,30,45,70,136
60,48,45,43,90,42,137
85,73,70,73,115,67,138
30,105,90,25,25,50,139
55,130,115,50,50,75,140
55,130,115,50,50,75,141
40,30,50,55,55,100,142
40,30,50,55,55,100,143
60,50,70,80,80,150,144
60,50,70,80,80,150,145
60,40,80,60,45,40,146
95,95,85,125,75,55,147
95,105,85,125,75,45,148
50,50,95,40,50,35,149
60,80,110,50,80,45,150
60,80,110,50,80,45,151
50,120,53,35,110,87,152
50,105,79,35,110,76,153
90,55,75,60,75,30,154
40,65,95,60,45,35,155
65,90,120,85,70,60,156
65,90,120,85,70,60,157
80,85,95,30,30,25,158
105,130,120,45,45,40,159
250,5,5,35,105,50,160
65,55,115,100,40,60,161
105,95,80,40,80,90,162
105,125,100,60,100,100,163
30,40,70,70,25,60,164
55,65,95,95,45,85,165
45,67,60,35,50,63,166
80,92,65,65,80,68,167
30,45,55,70,55,85,168
60,75,85,100,85,115,169
40,45,65,100,120,90,170
50,65,65,90,90,100,171
70,110,80,55,80,105,172
65,50,35,115,95,95,173
65,83,57,95,85,105,174
65,95,57,100,85,93,175
65,125,100,55,70,85,176
65,155,120,65,90,105,177
75,100,95,40,70,110,178
75,110,105,30,70,100,179
75,110,105,30,70,100,180
75,110,105,30,70,100,181
20,10,55,15,20,80,182
95,125,79,60,100,81,183
95,155,109,70,130,81,184
130,85,80,85,95,60,185
130,85,80,85,95,60,186
48,48,48,48,48,48,187
55,55,50,45,65,55,188
55,55,50,45,65,55,189
130,65,60,110,95,65,190
65,65,60,110,95,130,191
65,130,60,95,110,65,192
65,60,70,85,75,40,193
35,40,100,90,55,35,194
70,60,125,115,70,55,195
30,80,90,55,45,55,196
60,115,105,65,70,80,197
80,105,65,60,75,130,198
80,135,85,70,95,150,199
160,110,65,65,110,30,200
160,110,65,65,110,30,201
90,85,100,95,125,85,202
90,85,85,125,100,95,203
90,90,85,125,90,100,204
90,125,90,85,90,100,205
90,100,90,125,85,90,206
90,85,90,100,125,90,207
41,64,45,50,50,50,208
61,84,65,70,70,70,209
91,134,95,100,100,80,210
106,110,90,154,90,130,211
106,150,70,194,120,140,212
106,190,100,154,100,130,213
100,100,100,100,100,100,214
45,49,65,49,65,45,215
60,62,80,63,80,60,216
80,82,100,83,100,80,217
39,52,43,60,50,65,218
58,64,58,80,65,80,219
78,84,78,109,85,100,220
73,84,78,119,85,95,221
50,65,64,44,48,43,222
65,80,80,59,63,58,223
85,105,100,79,83,78,224
35,46,34,35,45,20,225
85,76,64,45,55,90,226
60,30,30,36,56,50,227
100,50,50,86,96,70,228
40,20,30,40,80,55,229
55,35,50,55,110,85,230
40,60,40,40,40,30,231
70,90,70,60,70,40,232
85,90,80,70,80,130,233
75,38,38,56,56,67,234
125,58,58,76,76,67,235
20,40,15,35,35,60,236
50,25,28,45,55,15,237
90,30,15,40,20,15,238
35,20,65,40,65,20,239
55,40,85,80,105,40,240
40,50,45,70,45,70,241
65,75,70,95,70,95,242
55,40,40,65,45,35,243
70,55,55,80,60,45,244
90,75,85,115,90,55,245
90,95,105,165,110,45,246
75,80,95,90,100,50,247
70,20,50,20,50,40,248
100,50,80,60,80,50,249
70,100,115,30,65,30,250
90,75,75,90,100,70,251
35,35,40,35,55,50,252
55,45,50,45,65,80,253
75,55,70,55,95,110,254
55,70,55,40,55,85,255
30,30,30,30,30,30,256
75,75,55,105,85,30,257
65,65,45,75,45,95,258
55,45,45,25,25,15,259
55,45,45,25,25,15,260
95,85,85,65,65,35,261
65,65,60,130,95,110,262
95,65,110,60,130,65,263
60,85,42,85,42,91,264
95,75,80,100,110,30,265
95,65,80,110,110,30,266
60,60,60,85,85,85,267
48,72,48,72,48,48,268
190,33,58,33,58,33,269
70,80,65,90,65,85,270
50,65,90,35,35,15,271
75,90,140,60,60,40,272
100,70,70,65,65,45,273
65,75,105,35,65,85,274
75,85,200,55,65,30,275
75,125,230,55,95,30,276
60,80,50,40,40,30,277
90,120,75,60,60,45,278
65,95,85,55,55,85,279
65,95,85,55,55,85,280
70,130,100,55,80,65,281
70,150,140,65,100,75,282
20,10,230,10,230,5,283
80,125,75,40,95,85,284
80,185,115,40,105,75,285
55,95,55,35,75,115,286
55,95,55,35,75,115,287
60,80,50,50,50,40,288
90,130,75,75,75,55,289
40,40,40,70,40,20,290
60,50,120,90,80,30,291
50,50,40,30,30,50,292
100,100,80,60,60,50,293
65,55,95,65,95,35,294
60,55,100,65,100,30,295
35,65,35,65,35,65,296
75,105,75,105,75,45,297
45,55,45,65,45,75,298
85,40,70,80,140,70,299
65,80,140,40,70,70,300
45,60,30,80,50,65,301
75,90,50,110,80,95,302
75,90,90,140,90,115,303
75,95,95,95,95,85,304
90,60,60,40,40,40,305
90,120,120,60,60,50,306
85,80,90,105,95,60,307
73,95,62,85,65,85,308
55,20,35,20,45,75,309
35,35,35,35,35,35,310
50,95,95,35,110,70,311
45,30,15,85,65,65,312
45,63,37,65,55,95,313
45,75,37,70,55,83,314
95,80,105,40,70,100,315
255,10,10,75,135,55,316
90,85,75,115,100,115,317
115,115,85,90,75,100,318
100,75,115,90,115,85,319
50,64,50,45,50,41,320
70,84,70,65,70,51,321
100,134,110,95,100,61,322
100,164,150,95,120,71,323
106,90,130,90,154,110,324
106,130,90,110,154,90,325
100,100,100,100,100,100,326
40,45,35,65,55,70,327
50,65,45,85,65,95,328
70,85,65,105,85,120,329
70,110,75,145,85,145,330
45,60,40,70,50,45,331
60,85,60,85,60,55,332
80,120,70,110,70,80,333
80,160,80,130,80,100,334
50,70,50,50,50,40,335
70,85,70,60,70,50,336
100,110,90,85,90,60,337
100,150,110,95,110,70,338
35,55,35,30,30,35,339
70,90,70,60,60,70,340
38,30,41,30,41,60,341
38,30,41,30,41,60,342
78,70,61,50,61,100,343
78,70,61,50,61,100,344
45,45,35,20,30,20,345
50,35,55,25,25,15,346
60,70,50,100,50,65,347
50,35,55,25,25,15,348
60,50,70,50,90,65,349
40,30,30,40,50,30,350
60,50,50,60,70,50,351
80,70,70,90,100,70,352
40,40,50,30,30,30,353
70,70,40,60,40,60,354
90,100,60,90,60,80,355
40,55,30,30,30,85,356
60,85,60,75,50,125,357
40,30,30,55,30,85,358
60,50,100,95,70,65,359
28,25,25,45,35,40,360
38,35,35,65,55,50,361
68,65,65,125,115,80,362
68,85,65,165,135,100,363
40,30,32,50,52,65,364
70,60,62,100,82,80,365
60,40,60,40,60,35,366
60,130,80,60,60,70,367
60,60,60,35,35,30,368
80,80,80,55,55,90,369
150,160,100,95,65,100,370
31,45,90,30,30,40,371
61,90,45,50,50,160,372
1,90,45,30,30,40,373
64,51,23,51,23,28,374
84,71,43,71,43,48,375
104,91,63,91,73,68,376
72,60,30,20,30,25,377
144,120,60,40,60,50,378
50,20,40,20,40,20,379
30,45,135,45,90,30,380
50,45,45,35,35,50,381
70,65,65,55,55,90,382
50,75,75,65,65,50,383
50,85,125,85,115,20,384
50,85,85,55,55,50,385
50,105,125,55,95,50,386
50,70,100,40,40,30,387
60,90,140,50,50,40,388
70,110,180,60,60,50,389
70,140,230,60,80,50,390
30,40,55,40,55,60,391
60,60,75,60,75,80,392
60,100,85,80,85,100,393
40,45,40,65,40,65,394
70,75,60,105,60,105,395
70,75,80,135,80,135,396
60,50,40,85,75,95,397
60,40,50,75,85,95,398
65,73,75,47,85,85,399
65,47,75,73,85,85,400
50,60,45,100,80,65,401
70,43,53,43,53,40,402
100,73,83,73,83,55,403
45,90,20,65,20,65,404
70,120,40,95,40,95,405
70,140,70,110,65,105,406
130,70,35,70,35,60,407
170,90,45,90,45,60,408
60,60,40,65,45,35,409
70,100,70,105,75,40,410
70,120,100,145,105,20,411
70,85,140,85,70,20,412
60,25,35,70,80,60,413
80,45,65,90,110,80,414
60,60,60,60,60,60,415
45,100,45,45,45,10,416
50,70,50,50,50,70,417
80,100,80,80,80,100,418
50,85,40,85,40,35,419
70,115,60,115,60,55,420
45,40,60,40,75,50,421
75,70,90,70,105,80,422
75,110,110,110,105,80,423
73,115,60,60,60,90,424
73,100,60,100,60,65,425
90,55,65,95,85,70,426
90,95,85,55,65,70,427
50,48,43,46,41,60,428
110,78,73,76,71,60,429
43,80,65,50,35,35,430
63,120,85,90,55,55,431
40,40,55,40,70,55,432
60,70,105,70,120,75,433
66,41,77,61,87,23,434
86,81,97,81,107,43,435
45,95,50,40,50,75,436
75,125,100,70,80,45,437
20,15,20,10,55,80,438
95,60,79,100,125,81,439
70,70,70,70,70,70,440
70,70,70,70,70,70,441
70,70,70,70,70,70,442
70,70,70,70,70,70,443
60,90,70,60,120,40,444
44,75,35,63,33,45,445
64,115,65,83,63,65,446
64,165,75,93,83,75,447
20,40,90,30,90,25,448
40,70,130,60,130,25,449
99,68,83,72,87,51,450
75,50,80,95,90,65,451
65,130,60,75,60,75,452
65,150,60,115,60,115,453
95,23,48,23,48,23,454
50,50,50,50,50,50,455
80,80,80,80,80,80,456
80,120,80,120,80,100,457
70,40,50,55,50,25,458
90,60,70,75,70,45,459
110,80,90,95,90,65,460
35,64,85,74,55,32,461
55,104,105,94,75,52,462
55,84,105,114,75,52,463
100,90,130,45,65,55,464
43,30,55,40,65,97,465
45,75,60,40,30,50,466
65,95,100,60,50,50,467
95,135,80,110,80,100,468
95,145,130,120,90,120,469
40,55,80,35,60,30,470
60,75,100,55,80,50,471
80,135,130,95,90,70,472
80,145,150,105,110,110,473
80,100,200,50,100,50,474
80,50,100,100,200,50,475
80,75,150,75,150,50,476
80,80,90,110,130,110,477
80,100,120,140,150,110,478
80,90,80,130,110,110,479
80,130,100,160,120,110,480
100,100,90,150,140,90,481
100,150,90,180,160,90,482
100,150,140,100,90,90,483
100,180,160,150,90,90,484
105,150,90,150,90,95,485
105,180,100,180,100,115,486
100,100,100,100,100,100,487
50,150,50,150,50,150,488
50,70,160,70,160,90,489
50,95,90,95,90,180,490
50,180,20,180,20,150,491
55,68,64,45,55,31,492
75,89,85,55,65,36,493
95,109,105,75,85,56,494
44,58,44,58,44,61,495
64,78,52,78,52,81,496
76,104,71,104,71,108,497
53,51,53,61,56,40,498
64,66,68,81,76,50,499
84,86,88,111,101,60,500
40,55,30,30,30,60,501
55,75,50,40,40,80,502
85,120,70,50,60,100,503
59,45,40,35,40,31,504
79,85,60,55,60,71,505
37,25,41,25,41,25,506
77,85,51,55,51,65,507
45,65,34,40,34,45,508
60,85,49,60,49,60,509
80,120,79,95,79,70,510
40,30,35,50,70,55,511
60,70,65,125,105,90,512
67,125,40,30,30,58,513
97,165,60,65,50,58,514
30,42,118,42,88,30,515
60,52,168,47,138,30,516
40,29,45,29,45,36,517
60,59,85,79,105,36,518
60,69,95,69,95,36,519
60,79,105,59,85,36,520
70,94,50,94,50,66,521
30,30,42,30,42,70,522
70,80,102,80,102,40,523
60,45,70,45,90,95,524
55,65,35,60,30,85,525
85,105,55,85,50,115,526
45,35,45,62,53,35,527
70,60,70,87,78,85,528
70,60,70,87,78,85,529
76,48,48,57,62,34,530
111,83,68,92,82,39,531
75,100,66,60,66,115,532
90,50,34,60,44,70,533
150,80,44,90,54,80,534
55,66,44,44,56,85,535
65,76,84,54,96,105,536
65,136,94,54,96,135,537
60,60,60,105,105,105,538
100,125,52,105,52,71,539
49,55,42,42,37,85,540
71,82,64,64,59,112,541
45,30,50,65,50,45,542
63,63,47,41,41,74,543
103,93,67,71,61,84,544
57,24,86,24,86,23,545
67,89,116,79,116,33,546
50,80,95,10,45,10,547
20,25,45,70,90,60,548
100,5,5,15,65,30,549
76,65,45,92,42,91,550
50,92,108,92,108,35,551
58,70,45,40,45,42,552
68,90,65,50,55,82,553
108,130,95,80,85,102,554
108,170,115,120,95,92,555
135,85,40,40,85,5,556
40,70,40,35,40,60,557
70,110,70,115,70,90,558
70,145,88,140,70,112,559
68,72,78,38,42,32,560
108,112,118,68,72,47,561
40,50,90,30,55,65,562
70,90,110,60,75,95,563
48,61,40,61,40,50,564
83,106,65,86,65,85,565
74,100,72,90,72,46,566
49,49,56,49,61,66,567
69,69,76,69,86,91,568
45,20,50,60,120,50,569
60,62,50,62,60,40,570
90,92,75,92,85,60,571
90,132,105,132,105,30,572
70,120,65,45,85,125,573
70,70,115,130,90,60,574
110,85,95,80,95,50,575
115,140,130,55,55,40,576
100,100,125,110,50,50,577
75,123,67,95,85,95,578
75,95,67,125,95,83,579
85,50,95,120,115,80,580
86,76,86,116,56,95,581
65,110,130,60,65,95,582
65,60,110,130,95,65,583
75,95,125,45,75,95,584
110,130,80,70,60,80,585
85,80,70,135,75,90,586
68,125,65,65,115,80,587
68,165,95,65,115,110,588
60,55,145,75,150,40,589
45,100,135,65,135,45,590
70,80,70,80,70,110,591
50,50,77,95,77,91,592
50,65,107,105,107,86,593
50,65,107,105,107,86,594
50,65,107,105,107,86,595
50,65,107,105,107,86,596
50,65,107,105,107,86,597
75,75,130,75,130,95,598
80,105,105,105,105,80,599
75,125,70,125,70,115,600
100,120,120,150,100,90,601
100,100,120,150,120,90,602
90,120,100,150,120,100,603
90,100,100,150,120,120,604
91,90,106,130,106,77,605
110,160,110,80,110,100,606
150,100,120,100,120,90,607
150,120,100,120,100,90,608
120,70,110,75,120,85,609
80,80,80,80,80,80,610
100,100,100,100,100,100,611
70,90,90,135,90,125,612
100,100,100,100,100,100,613
100,103,75,120,75,127,614
120,120,120,120,120,120,615
120,120,120,120,120,120,616
120,120,120,120,120,120,617
120,120,120,120,120,120,618
120,120,120,120,120,120,619
120,120,120,120,120,120,620
120,120,120,120,120,120,621
120,120,120,120,120,120,622
120,120,120,120,120,120,623
120,120,120,120,120,120,624
120,120,120,120,120,120,625
120,120,120,120,120,120,626
120,120,120,120,120,120,627
120,120,120,120,120,120,628
120,120,120,120,120,120,629
120,120,120,120,120,120,630
120,120,120,120,120,120,631
120,120,120,120,120,120,632
100,100,100,100,100,100,633
45,45,55,45,55,63,634
60,60,75,60,75,83,635
75,75,95,75,95,113,636
65,63,45,45,45,45,637
90,93,55,70,55,55,638
110,123,65,100,65,65,639
55,55,45,63,45,45,640
75,75,60,83,60,60,641
95,100,85,108,70,70,642
90,108,80,100,65,85,643
45,55,39,35,39,42,644
60,85,69,60,69,77,645
45,60,45,25,45,55,646
65,80,65,35,65,60,647
85,110,90,45,90,80,648
41,50,37,50,37,66,649
64,88,50,88,50,106,650
50,53,48,53,48,64,651
75,98,63,98,63,101,652
50,53,48,53,48,64,653
75,98,63,98,63,101,654
50,53,48,53,48,64,655
75,98,63,98,63,101,656
76,25,45,67,55,24,657
116,55,85,107,95,29,658
50,55,50,36,30,43,659
62,77,62,50,42,65,660
80,115,80,65,55,93,661
45,60,32,50,32,76,662
75,100,63,80,63,116,663
55,75,85,25,25,15,664
70,105,105,50,40,20,665
85,135,130,60,80,25,666
65,45,43,55,43,72,667
67,57,55,77,55,114,668
60,85,40,30,45,68,669
110,135,60,50,65,88,670
103,60,86,60,86,50,671
103,60,126,80,126,50,672
75,80,55,25,35,35,673
85,105,85,40,50,40,674
105,140,95,55,65,45,675
50,50,40,50,40,64,676
75,65,55,65,55,69,677
105,95,75,85,75,74,678
120,100,85,30,85,45,679
75,125,75,30,75,85,680
45,53,70,40,60,42,681
55,63,90,50,80,42,682
75,103,80,70,80,92,683
30,45,59,30,39,57,684
40,55,99,40,79,47,685
60,100,89,55,69,112,686
40,27,60,37,50,66,687
60,67,85,77,75,116,688
45,35,50,70,50,30,689
70,60,75,110,75,90,690
70,105,75,50,75,105,691
70,92,65,80,55,98,692
70,92,65,80,55,98,693
70,92,65,80,55,98,694
50,72,35,35,35,65,695
60,82,45,45,45,74,696
95,117,80,65,70,92,697
70,90,45,15,45,50,698
70,90,45,15,45,50,699
105,140,55,30,55,95,700
105,160,55,30,55,135,701
105,30,105,140,105,55,702
105,140,55,30,55,95,703
75,86,67,106,67,60,704
50,65,85,35,35,55,705
70,105,125,65,75,45,706
50,75,70,35,70,48,707
65,90,115,45,115,58,708
72,58,80,103,80,97,709
38,30,85,55,65,30,710
38,55,85,30,65,30,711
58,50,145,95,105,30,712
54,78,103,53,45,22,713
74,108,133,83,65,32,714
55,112,45,74,45,70,715
75,140,65,112,65,110,716
50,50,62,40,62,65,717
80,95,82,60,82,75,718
80,95,82,60,82,75,719
40,65,40,80,40,65,720
35,60,40,85,40,70,721
60,105,60,120,60,105,722
55,100,60,125,60,110,723
55,50,40,40,40,75,724
75,95,60,65,60,115,725
45,30,50,55,65,45,726
60,45,70,75,85,55,727
70,55,95,95,110,65,728
45,30,40,105,50,20,729
65,40,50,125,60,30,730
110,65,75,125,85,30,731
62,44,50,44,50,55,732
75,87,63,87,63,98,733
36,50,50,65,60,44,734
51,65,65,80,75,59,735
71,95,85,110,95,79,736
60,60,50,40,50,75,737
80,100,70,60,70,95,738
55,75,60,75,60,103,739
50,75,45,40,45,60,740
70,135,105,60,105,20,741
69,55,45,55,55,15,742
114,85,70,85,80,30,743
55,40,50,65,85,40,744
100,60,70,85,105,60,745
165,75,80,40,45,65,746
50,47,50,57,50,65,747
70,77,60,97,60,108,748
44,50,91,24,86,10,749
74,94,131,54,116,20,750
40,55,70,45,60,30,751
60,80,95,70,85,50,752
60,100,115,70,85,90,753
35,55,40,45,40,60,754
65,85,70,75,70,40,755
85,115,80,105,80,50,756
55,55,55,85,55,30,757
75,75,75,125,95,40,758
50,30,55,65,55,20,759
60,40,60,95,60,55,760
60,55,90,145,90,80,761
46,87,60,30,40,57,762
66,117,70,40,50,67,763
76,147,90,60,70,97,764
55,70,40,60,40,40,765
95,130,80,70,80,50,766
80,50,50,95,135,105,767
50,40,85,40,65,25,768
80,70,40,100,60,145,769
109,66,84,81,99,32,770
109,81,99,66,84,32,771
45,85,50,55,50,65,772
65,125,60,95,60,105,773
77,120,90,60,90,48,774
59,74,50,35,50,35,775
89,124,80,55,80,55,776
45,85,70,40,40,60,777
65,125,100,60,70,70,778
95,110,95,40,95,55,779
70,83,50,37,50,60,780
100,123,75,57,75,80,781
110,83,70,112,70,65,782
70,55,75,45,65,60,783
110,65,105,55,95,80,784
85,97,66,105,66,65,785
58,109,112,48,48,109,786
52,65,50,45,50,38,787
72,85,70,65,70,58,788
92,105,90,125,90,98,789
55,85,55,50,55,60,790
85,60,65,135,105,100,791
91,90,129,90,72,108,792
91,129,90,72,90,108,793
91,90,72,90,129,108,794
79,115,70,125,80,111,795
79,100,80,110,90,121,796
79,115,70,125,80,111,797
79,105,70,145,80,101,798
100,120,100,150,120,90,799
100,150,120,120,100,90,800
89,125,90,115,80,101,801
89,145,90,105,80,91,802
125,130,90,130,90,95,803
125,170,100,120,90,95,804
125,120,90,170,100,95,805
91,72,90,129,90,108,806
100,77,77,128,128,90,807
100,128,90,77,77,128,808
71,120,95,120,95,99,809
56,61,65,48,45,38,810
61,78,95,56,58,57,811
88,107,122,74,75,64,812
40,45,40,62,60,60,813
59,59,58,90,70,73,814
75,69,72,114,100,104,815
41,56,40,62,44,71,816
54,63,52,83,56,97,817
72,95,67,103,71,122,818
72,145,67,153,71,132,819
38,36,38,32,36,57,820
85,56,77,50,77,78,821
45,50,43,40,38,62,822
62,73,55,56,52,84,823
78,81,71,74,69,126,824
38,35,40,27,25,35,825
45,22,60,27,30,29,826
80,52,50,90,50,89,827
62,50,58,73,54,72,828
86,68,72,109,66,106,829
44,38,39,61,79,42,830
54,45,47,75,98,52,831
74,65,67,125,128,92,832
78,65,68,112,154,75,833
66,65,48,62,57,52,834
123,100,62,97,81,68,835
67,82,62,46,48,43,836
95,124,78,69,71,58,837
75,80,60,65,90,102,838
62,48,54,63,60,68,839
74,48,76,83,81,104,840
74,48,76,83,81,104,841
45,80,100,35,37,28,842
59,110,150,45,49,35,843
60,50,140,50,140,60,844
60,140,50,140,50,60,845
78,52,60,63,65,23,846
101,72,72,99,89,29,847
62,48,66,59,57,49,848
82,80,86,85,75,72,849
53,54,53,37,46,45,850
86,92,88,68,75,73,851
42,52,67,39,56,50,852
72,105,115,54,86,68,853
50,60,60,60,60,30,854
65,75,90,97,123,44,855
50,53,62,58,63,44,856
71,73,88,120,89,59,857
44,38,33,61,43,70,858
62,55,52,109,94,109,859
58,89,77,45,45,48,860
82,121,119,69,59,71,861
77,59,50,67,63,46,862
123,77,72,99,92,58,863
95,65,65,110,130,60,864
78,92,75,74,63,118,865
67,58,57,81,67,101,866
50,50,150,50,150,50,867
45,50,35,55,75,40,868
68,75,53,83,113,60,869
58,75,83,83,113,40,870
90,100,70,110,150,80,871
80,100,100,110,150,60,872
57,80,91,80,87,75,873
43,70,48,50,60,38,874
85,110,76,65,82,56,875
49,66,70,44,55,51,876
44,66,70,44,55,56,877
59,66,70,44,55,41,878
54,66,70,44,55,46,879
65,90,122,58,75,84,880
55,85,122,58,75,99,881
75,95,122,58,75,69,882
85,100,122,58,75,54,883
55,69,85,32,35,28,884
95,117,184,44,46,28,885
95,127,184,34,36,38,886
40,30,35,45,40,55,887
85,70,80,97,80,123,888
126,131,95,131,98,99,889
126,131,95,131,98,99,890
108,100,121,81,95,95,891
216,100,121,91,95,85,892
54,100,71,61,85,115,893
50,100,150,100,150,50,894
50,160,110,160,110,110,895
80,110,60,150,130,70,896
80,160,60,170,130,80,897
80,110,120,130,90,70,898
68,55,55,50,50,42,899
78,75,75,70,70,52,900
78,107,75,100,100,70,901
88,112,80,95,95,60,902
45,65,40,60,40,70,903
65,85,50,80,50,90,904
95,115,90,80,90,60,905
50,54,54,66,56,40,906
60,69,69,91,81,50,907
80,74,74,126,116,60,908
35,75,30,30,30,65,909
55,85,50,40,50,75,910
80,120,75,75,75,60,911
48,70,30,30,30,45,912
88,110,60,55,60,45,913
88,110,60,55,60,45,914
47,62,45,55,45,46,915
57,82,95,55,75,36,916
77,70,90,145,75,43,917
77,70,90,145,75,43,918
47,82,57,42,47,63,919
97,132,77,62,67,43,920
75,70,70,98,70,93,921
75,70,70,98,70,93,922
75,70,70,98,70,93,923
75,70,70,98,70,93,924
40,45,40,55,40,84,925
60,55,60,95,70,124,926
60,55,60,95,70,124,927
45,65,40,30,40,60,928
45,65,40,30,40,60,929
75,115,65,55,65,112,930
85,115,75,55,75,82,931
75,117,65,55,65,110,932
45,20,20,25,25,40,933
45,140,130,140,135,30,934
50,53,62,43,52,45,935
50,63,152,53,142,35,936
70,100,70,45,55,45,937
100,125,100,55,85,35,938
38,40,52,40,72,27,939
68,70,92,50,132,42,940
68,70,92,50,132,42,941
40,55,35,50,35,35,942
70,105,90,80,90,45,943
70,105,90,80,90,45,944
40,35,55,65,75,15,945
60,45,80,90,100,30,946
48,44,40,71,40,77,947
68,64,60,111,60,117,948
68,64,60,111,60,117,949
70,75,50,45,50,50,950
120,125,80,55,60,60,951
42,30,38,30,38,32,952
52,40,48,40,48,62,953
72,120,98,50,98,72,954
51,52,90,82,110,100,955
90,60,80,90,110,60,956
100,120,90,40,60,80,957
25,35,40,20,30,80,958
75,125,140,60,90,40,959
55,55,80,70,45,15,960
85,75,110,100,75,35,961
55,60,130,30,130,5,962
95,95,95,95,95,59,963
95,95,95,95,95,95,964
95,95,95,95,95,95,965
95,95,95,95,95,95,966
95,95,95,95,95,95,967
95,95,95,95,95,95,968
95,95,95,95,95,95,969
95,95,95,95,95,95,970
95,95,95,95,95,95,971
95,95,95,95,95,95,972
95,95,95,95,95,95,973
95,95,95,95,95,95,974
95,95,95,95,95,95,975
95,95,95,95,95,95,976
95,95,95,95,95,95,977
95,95,95,95,95,95,978
95,95,95,95,95,95,979
95,95,95,95,95,95,980
95,95,95,95,95,95,981
60,100,60,100,60,120,982
60,60,100,60,100,60,983
65,115,65,75,95,65,984
60,78,135,91,85,36,985
65,98,63,40,73,96,986
65,98,63,40,73,96,987
55,90,80,50,105,96,988
55,90,80,50,105,96,989
68,105,70,70,70,92,990
78,60,85,135,91,36,991
70,131,100,86,90,40,992
45,55,65,45,45,45,993
55,75,90,65,70,65,994
75,110,125,100,105,85,995
75,110,125,100,105,85,996
70,115,85,95,75,130,997
70,85,75,130,115,95,998
70,130,115,85,95,75,999
70,75,115,95,130,85,1000